year,paragraph_id,actors
1999,1,"AUSTRIA, CANADA, FINLAND, FRANCE, GERMANY, ICELAND, NETHERLANDS, NORWAY, SWEDEN, SWITZERLAND, UNITED KINGDOM (UK), UNITED STATES OF AMERICA (USA)"
1999,3,"ARGENTINA, GERMANY"
1999,5,GERMANY
1999,6,GERMANY
1999,12,"ARGENTINA, CHINA, EUROPEAN UNION, G77, JAPAN, UNITED STATES OF AMERICA (USA)"
1999,13,"ARGENTINA, GERMANY"
1999,14,"ARGENTINA, GERMANY, POLAND"
1999,15,"CHINA, G77"
1999,17,"AOSIS, AUSTRALIA, BRAZIL, CANADA, CHINA, EUROPEAN UNION, G77, GAMBIA, NETHERLANDS, NEW ZEALAND, NORWAY, SAUDI ARABIA, UGANDA, UKRAINE, UNITED STATES OF AMERICA (USA)"
1999,18,EUROPEAN UNION
1999,19,"AUSTRALIA, EUROPEAN UNION, JAMAICA, TANZANIA, UNITED KINGDOM (UK), UNITED STATES OF AMERICA (USA)"
1999,21,"AOSIS, CANADA, CHINA, EUROPEAN UNION, G77, IRAN, MAURITANIA, SOUTH KOREA, SWITZERLAND, UNITED STATES OF AMERICA (USA)"
1999,22,"CHINA, EUROPEAN UNION, G77, INDIA"
1999,24,"AUSTRALIA, CANADA, CHINA, EUROPEAN UNION, G77, JAPAN, PHILIPPINES, UNITED STATES OF AMERICA (USA)"
1999,25,"AOSIS, AUSTRALIA, CHINA, EUROPEAN UNION, PHILIPPINES, SAUDI ARABIA, SLOVENIA, SWITZERLAND, UNITED STATES OF AMERICA (USA)"
1999,27,"AOSIS, AUSTRALIA, CANADA, CHINA, G77, GAMBIA, IRAN, JAPAN, KUWAIT, LIBYA, MALAYSIA, SAUDI ARABIA, SWEDEN, UNITED STATES OF AMERICA (USA)"
1999,28,"AOSIS, AUSTRALIA, CHINA, EUROPEAN UNION, G77, IRAN, JAPAN, NETHERLANDS, POLAND, SOUTH KOREA, SWITZERLAND, UNITED STATES OF AMERICA (USA)"
1999,30,"AUSTRALIA, BRAZIL, CHINA, EUROPEAN UNION, G77, MALAYSIA, PERU"
1999,31,"ITALIA, SWITZERLAND"
1999,32,"AZERBAIJAN, GEORGIA, KAZAKHSTAN, MEXICO, PAKISTAN, TURKEY, UNITED STATES OF AMERICA (USA)"
1999,33,"CHINA, G77, SAUDI ARABIA"
1999,35,"AUSTRALIA, CANADA, CHINA, EUROPEAN UNION, G77, ICELAND, MALAYSIA, UGANDA, UNITED STATES OF AMERICA (USA)"
1999,36,"AOSIS, AUSTRALIA, BOLIVIA, CANADA, CHINA, EUROPEAN UNION, G77, INDONESIA, IRAN, JAPAN, MEXICO, MOROCCO, NEW ZEALAND, NORWAY, RUSSIA, SAUDI ARABIA, SOUTH AFRICA, SUDAN, SWITZERLAND, UNITED STATES OF AMERICA (USA)"
1999,38,"AOSIS, AUSTRALIA, BOLIVIA, CANADA, CHINA, COLOMBIA, EUROPEAN UNION, FRANCE, G77, JAPAN, MAURITANIA, NEW ZEALAND, NORWAY, SOUTH KOREA, SWITZERLAND, UNITED STATES OF AMERICA (USA)"
1999,39,"AOSIS, AUSTRALIA, AUSTRIA, CANADA, EUROPEAN UNION, JAPAN, MARSHALL ISLANDS, NEW ZEALAND, NORWAY, UNITED STATES OF AMERICA (USA)"
1999,41,"ARGENTINA, AUSTRALIA, BRAZIL, CANADA, CHINA, EUROPEAN UNION, IRAN, JAPAN, KUWAIT, NEW ZEALAND, POLAND, RUSSIA, SAUDI ARABIA, SOUTH AFRICA, SWITZERLAND, UNITED KINGDOM (UK), UNITED STATES OF AMERICA (USA)"
1999,42,"AUSTRALIA, BRAZIL, CANADA, DENMARK, EUROPEAN UNION, ICELAND, IRAN, JAPAN, KUWAIT, NEW ZEALAND, SAUDI ARABIA, SWITZERLAND, UNITED ARAB EMIRATES (UAE), UNITED STATES OF AMERICA (USA)"
1999,44,"AUSTRALIA, CANADA, EUROPEAN UNION, JAPAN, NEW ZEALAND, NEW ZELAND, SWITZERLAND, UNITED STATES OF AMERICA (USA)"
1999,45,UNITED STATES OF AMERICA (USA)
1999,46,GERMANY
1999,48,"AUSTRALIA, DENMARK, EUROPEAN UNION, NORWAY, UNITED STATES OF AMERICA (USA)"
1999,50,"DENMARK, FRANCE, JAPAN, SAUDI ARABIA, UNITED STATES OF AMERICA (USA)"
1999,51,"EUROPEAN UNION, POLAND, UNITED STATES OF AMERICA (USA)"
1999,52,"BULGARIA, CHINA, EUROPEAN UNION, FRANCE, G77, GERMANY, HAITI, JAPAN, SPAIN, SWEDEN, UNITED KINGDOM (UK), UNITED STATES OF AMERICA (USA)"
1999,54,"AFRICAN GROUP, AOSIS, ARGENTINA, AUSTRALIA, BANGLADESH, CHINA, EUROPEAN UNION, G77, GERMANY, INDIA, JAPAN, KAZAKHSTAN, NEPAL, UNITED STATES OF AMERICA (USA)"
1999,55,"AUSTRALIA, BANGLADESH, BENIN, BULGARIA, CANADA, CHINA, EUROPEAN UNION, FINLAND, G77, GERMANY, HONDURAS, HUNGARY, ICELAND, INDONESIA, IRAN, JAPAN, KAZAKHSTAN, KUWAIT, MEXICO, NETHERLANDS, NEW ZEALAND, SAUDI ARABIA, SOUTH AFRICA, SWITZERLAND, UNITED KINGDOM (UK), UNITED STATES OF AMERICA (USA)"
1999,57,"CHINA, INDONESIA, KUWAIT, LIBYA, NORWAY, SAUDI ARABIA"
1999,58,"EUROPEAN UNION, PALAU, UNITED STATES OF AMERICA (USA)"
1999,59,"CHINA, G77"
1999,60,"CHINA, EUROPEAN UNION, G77, KAZAKHSTAN, SAUDI ARABIA, SYRIA"
1999,61,ARGENTINA
1999,62,ARGENTINA
1999,64,"ARGENTINA, CHINA, G77, UNITED STATES OF AMERICA (USA)"
1999,66,"AOSIS, CHINA, EUROPEAN UNION, G77, SAUDI ARABIA"
1999,67,"EUROPEAN UNION, JAPAN, UNITED STATES OF AMERICA (USA)"
1999,69,UNITED STATES OF AMERICA (USA)
1999,70,"AUSTRIA, CHINA, FRANCE, JAPAN, MEXICO, UNITED STATES OF AMERICA (USA)"
1999,71,"BELGIUM, DENMARK, FRANCE, GERMANY, NETHERLANDS, UNITED STATES OF AMERICA (USA)"
1998,1,"ARGENTINA, AUSTRIA, CANADA, FINLAND, FRANCE, GERMANY, ICELAND, NETHERLANDS, NORWAY, SWEDEN, SWITZERLAND, UNITED KINGDOM (UK), UNITED STATES OF AMERICA (USA)"
1998,3,ARGENTINA
1998,4,GERMANY
1998,11,"CHINA, EUROPEAN UNION, G77, GERMANY, JAPAN, UNITED STATES OF AMERICA (USA)"
1998,12,"ARGENTINA, CHINA, DENMARK, G77, GAMBIA, GEORGIA, GERMANY, INDONESIA, JAPAN, KUWAIT, MALAYSIA, MARSHALL ISLANDS, MAURITANIA, NORWAY, POLAND, SAUDI ARABIA, SENEGAL, UNITED KINGDOM (UK)"
1998,15,"ALGERIA, AUSTRALIA, BRAZIL, CHILE, CHINA, COLOMBIA, CUBA, G77, INDIA, INDONESIA, IRAN, JAPAN, KUWAIT, QATAR, SAUDI ARABIA, SOUTH AFRICA, TANZANIA, THAILAND, UGANDA, UNITED STATES OF AMERICA (USA), ZIMBABWE"
1998,16,"ARGENTINA, AUSTRIA, CANADA, CHINA, EUROPEAN UNION, HUNGARY, INDIA, JAPAN, NEW ZEALAND, POLAND, RUSSIA, SAUDI ARABIA, UNITED STATES OF AMERICA (USA)"
1998,17,"BRAZIL, CANADA, MALAYSIA, NORWAY, POLAND, SOUTH AFRICA, SWITZERLAND, UNITED STATES OF AMERICA (USA)"
1998,19,"AOSIS, ARGENTINA, AUSTRALIA, AUSTRIA, BARBADOS, BRAZIL, CANADA, ICELAND, JAPAN, PHILIPPINES, RUSSIA, UNITED STATES OF AMERICA (USA)"
1998,20,"AUSTRALIA, NORWAY, RUSSIA, TANZANIA, UNITED STATES OF AMERICA (USA)"
1998,23,"AOSIS, AUSTRALIA, BRAZIL, CANADA, CHINA, EUROPEAN UNION, GEORGIA, INDONESIA, SOUTH KOREA, SWITZERLAND, UNITED STATES OF AMERICA (USA)"
1998,24,"CHINA, EUROPEAN UNION, G77, PHILIPPINES, THAILAND, UNITED STATES OF AMERICA (USA)"
1998,26,"CHINA, EUROPEAN UNION, G77, JAPAN, RUSSIA, UNITED STATES OF AMERICA (USA)"
1998,27,"AUSTRALIA, CANADA, IRAN, SAUDI ARABIA, SENEGAL, SWEDEN, UNITED STATES OF AMERICA (USA)"
1998,28,"AUSTRALIA, CANADA, CHINA, EUROPEAN UNION, G77, NORWAY, PAKISTAN, PHILIPPINES, SAUDI ARABIA, TURKEY, UNITED STATES OF AMERICA (USA)"
1998,31,"CANADA, CHILE, CHINA, COLOMBIA, EUROPEAN UNION, G77, MAURITANIA, NEW ZEALAND, NORWAY, PHILIPPINES, RUSSIA, SAUDI ARABIA, SOUTH AFRICA, SOUTH KOREA, UNITED STATES OF AMERICA (USA)"
1998,32,"CHINA, EUROPEAN UNION, G77, UNITED STATES OF AMERICA (USA)"
1998,34,"AUSTRALIA, CANADA, CHINA, EUROPEAN UNION, G77, MAURITANIA, NEW ZEALAND, NIGERIA, NORWAY, SAUDI ARABIA, UNITED STATES OF AMERICA (USA), ZIMBABWE"
1998,35,"CANADA, NIGERIA, UNITED STATES OF AMERICA (USA)"
1998,36,"AOSIS, AUSTRALIA, BRAZIL, CANADA, CHINA, EUROPEAN UNION, G77, ICELAND, JAPAN, NETHERLANDS, NEW ZEALAND, NEW ZELAND, NORWAY, RUSSIA, SLOVENIA, SWITZERLAND, UNITED STATES OF AMERICA (USA)"
1998,39,"AFRICAN GROUP, AUSTRALIA, CANADA, CHINA, EUROPEAN UNION, G77, HONDURAS, ICELAND, JAPAN, KUWAIT, NEW ZEALAND, NORWAY, QATAR, RUSSIA, SAUDI ARABIA, SOUTH AFRICA, SWITZERLAND, UGANDA, UNITED STATES OF AMERICA (USA)"
1998,40,"AUSTRALIA, CHINA, COLOMBIA, EUROPEAN UNION, G77, JAPAN, KUWAIT, NORWAY, POLAND, SWITZERLAND, UNITED STATES OF AMERICA (USA)"
1998,42,"ALGERIA, AUSTRALIA, BANGLADESH, CANADA, CHINA, ECUADOR, EUROPEAN UNION, G77, GAMBIA, GERMANY, INDONESIA, IRAN, JAPAN, KUWAIT, LEBANON, MARSHALL ISLANDS, MOROCCO, NIGERIA, SAUDI ARABIA, SWITZERLAND, SYRIA, UNITED STATES OF AMERICA (USA)"
1998,43,"JAPAN, UNITED STATES OF AMERICA (USA)"
1998,44,"ARGENTINA, JORDAN, TURKEY"
1998,47,"AOSIS, ARGENTINA, AUSTRALIA, BAHAMAS, BENIN, BOLIVIA, CARIBBEAN COMMUNITY (CARICOM/CC), CHILE, CHINA, CROATIA, CUBA, ECUADOR, EGYPT, ETHIOPIA, EUROPEAN UNION, FINLAND, FRANCE, G77, GAMBIA, GHANA, HAITI, HONDURAS, HUNGARY, JAPAN, LITHUANIA, NEPAL, NEW ZEALAND, NICARAGUA, NORWAY, PERU, QATAR, RUSSIA, SAUDI ARABIA, SOUTH KOREA, SPAIN, SWEDEN, SYRIA, TANZANIA, THAILAND, UGANDA, UNITED STATES OF AMERICA (USA)"
1998,48,"ALGERIA, AOSIS, ARGENTINA, AUSTRALIA, BRAZIL, CANADA, CARIBBEAN COMMUNITY (CARICOM/CC), CHILE, CHINA, CROATIA, DENMARK, EGYPT, EUROPEAN UNION, FINLAND, FRANCE, G77, GHANA, JAPAN, MEXICO, MOROCCO, NETHERLANDS, NEW ZEALAND, NORWAY, POLAND, SAUDI ARABIA, SOUTH KOREA, SPAIN, THAILAND, UNITED KINGDOM (UK), UNITED STATES OF AMERICA (USA)"
1998,50,"AUSTRALIA, BENIN, BRAZIL, BURUNDI, CHINA, COLOMBIA, DENMARK, DJIBOUTI, ECUADOR, EUROPEAN UNION, FINLAND, FRANCE, G77, GAMBIA, GERMANY, GREECE, INDIA, KENYA, MEXICO, POLAND, RUSSIA, SOUTH AFRICA, SWEDEN, UNITED KINGDOM (UK), UNITED STATES OF AMERICA (USA), ZIMBABWE"
1998,51,"ARMENIA, CENTRAL AFRICAN REPUBLIC, INDONESIA, IRAN, JORDAN, POLAND, SWITZERLAND, UNITED STATES OF AMERICA (USA)"
1998,54,"ARGENTINA, CHINA, G77, GERMANY, SWITZERLAND, UNITED STATES OF AMERICA (USA)"
1998,55,"ARGENTINA, AUSTRALIA, CANADA, CHINA, G77, INDONESIA, JAPAN, NEW ZELAND, NORWAY, RUSSIA, SOUTH KOREA, SWITZERLAND, UNITED STATES OF AMERICA (USA)"
1998,57,"ARGENTINA, BRAZIL, CHINA, EUROPEAN UNION, G77, UNITED STATES OF AMERICA (USA)"
1998,58,ARGENTINA
1998,59,"GERMANY, JORDAN, UNITED KINGDOM (UK), UNITED STATES OF AMERICA (USA)"
2001,1,"AUSTRALIA, CANADA, FINLAND, GERMANY, JAPAN, NETHERLANDS, NEW ZELAND, NORWAY, SWEDEN, SWITZERLAND, UNITED KINGDOM (UK), UNITED STATES OF AMERICA (USA)"
2001,5,"ARGENTINA, MOROCCO"
2001,6,"AUSTRALIA, CANADA, CHINA, EUROPEAN UNION, G77, JAPAN, NEW ZELAND, RUSSIA, SOUTH AFRICA, SWITZERLAND"
2001,8,ARGENTINA
2001,13,"ARGENTINA, GERMANY, JAPAN, ROMANIA"
2001,14,"GERMANY, NETHERLANDS, UNITED STATES OF AMERICA (USA)"
2001,16,"ARGENTINA, AUSTRALIA, BELGIUM, BURKINA, CHINA, EUROPEAN UNION, G77, IRAN, JAPAN, MOROCCO, SWITZERLAND"
2001,17,"ARGENTINA, GERMANY, ICELAND, INDIA, NIGERIA, PANAMA, PAPUA NEW GUINEA, QATAR, RUSSIA, SLOVENIA"
2001,21,"AUSTRALIA, BRAZIL, CHINA, EUROPEAN UNION, G77, JAPAN, NEW ZELAND, NORWAY, SOUTH AFRICA"
2001,23,"AUSTRALIA, CANADA, CHINA, EUROPEAN UNION, G77, JAPAN, UNITED STATES OF AMERICA (USA)"
2001,24,"ARGENTINA, CHINA, CROATIA, EUROPEAN UNION, G77, MALAYSIA, RUSSIA"
2001,26,"AOSIS, AUSTRALIA, CANADA, CHINA, EUROPEAN UNION, G77, JAPAN, NEW ZELAND, SWITZERLAND"
2001,27,"CHINA, G77, NORWAY, SOUTH AFRICA, SWITZERLAND"
2001,29,"AUSTRALIA, BRAZIL, CANADA, CHINA, EUROPEAN UNION, G77, JAPAN, RUSSIA"
2001,30,"AUSTRALIA, CANADA, EUROPEAN UNION, JAPAN"
2001,32,"CANADA, CENTRAL AFRICAN REPUBLIC, POLAND, SAUDI ARABIA, SWITZERLAND"
2001,33,"SOUTH AFRICA, SWEDEN, SWITZERLAND, UNITED STATES OF AMERICA (USA)"
2001,35,"AOSIS, AUSTRALIA, CANADA, CHINA, EUROPEAN UNION, G77, ICELAND, JAPAN, KUWAIT, MALAYSIA, NORWAY, SAUDI ARABIA, SWITZERLAND"
2001,36,"CHINA, G77, UNITED STATES OF AMERICA (USA)"
2001,37,TURKEY
2001,39,KAZAKHSTAN
2001,41,"ARGENTINA, AUSTRALIA, CANADA, CHINA, EUROPEAN UNION, G77, KENYA, MALAYSIA, SWITZERLAND, UGANDA, UNITED STATES OF AMERICA (USA)"
2001,44,UNITED STATES OF AMERICA (USA)
2001,45,UNITED STATES OF AMERICA (USA)
2001,46,"BAHAMAS, CANADA, CHINA, EL SALVADOR, EUROPEAN UNION, G77, ITALIA, MALAYSIA, NORWAY, SWITZERLAND, THAILAND"
2001,48,"AOSIS, AUSTRALIA, CANADA, CHINA, EUROPEAN UNION, JAPAN, MALAYSIA, NEW ZELAND, NORWAY, RUSSIA, SAUDI ARABIA, UNITED STATES OF AMERICA (USA), ZIMBABWE"
2001,49,"AUSTRALIA, CENTRAL AFRICAN REPUBLIC, CHINA, COLOMBIA, MALAYSIA, NETHERLANDS, SENEGAL, UNITED STATES OF AMERICA (USA)"
2001,51,"BULGARIA, CANADA, CHINA, CROATIA, EUROPEAN UNION, KENYA, NIGERIA, SOUTH AFRICA"
2001,52,"EUROPEAN UNION, JAPAN, NORWAY, SWITZERLAND, UNITED STATES OF AMERICA (USA)"
2001,54,"BAHAMAS, GERMANY"
2001,55,MOROCCO
2001,56,"AOSIS, BANGLADESH, BENIN, BRAZIL, CANADA, CHINA, DJIBOUTI, G77, IRAN, KUWAIT, NEW ZELAND, SOUTH KOREA, SWITZERLAND, TANZANIA, TURKEY, UKRAINE, UNITED STATES OF AMERICA (USA)"
2001,58,"INTERNATIONAL WORK GROUP FOR INDIGENOUS AFFAIRS (IWGIA), MOROCCO, UNITED STATES OF AMERICA (USA)"
2001,59,"ARGENTINA, CANADA, EUROPEAN UNION, JAPAN, KUWAIT, NIGERIA, SAUDI ARABIA, UNITED ARAB EMIRATES (UAE)"
2001,60,"ARGENTINA, AUSTRALIA, CHINA, EUROPEAN UNION, G77, JAPAN, MOROCCO, RUSSIA, SOUTH KOREA"
2001,61,JAPAN
2001,65,"CHINA, EUROPEAN UNION, G77"
2001,66,"ARGENTINA, AUSTRALIA, CANADA, JAPAN, RUSSIA"
2001,67,RUSSIA
2001,68,"AUSTRALIA, CANADA, CHINA, G77, JAPAN, RUSSIA"
2001,69,"AFRICAN GROUP, CHINA, EUROPEAN UNION, G77, JAPAN"
2001,71,"CHINA, G77"
2001,72,"MOROCCO, UNITED STATES OF AMERICA (USA)"
2001,73,AUSTRALIA
2001,74,"BANGLADESH, CANADA, GERMANY, INDONESIA, NETHERLANDS, SOUTH AFRICA, UNITED STATES OF AMERICA (USA)"
2000,1,"AUSTRALIA, AUSTRIA, CANADA, FINLAND, GERMANY, NETHERLANDS, NORWAY, SWEDEN, SWITZERLAND, UNITED KINGDOM (UK), UNITED STATES OF AMERICA (USA)"
2000,5,"ARGENTINA, NETHERLANDS"
2000,13,"ARGENTINA, GERMANY, JAPAN"
2000,14,"ARGENTINA, FRANCE, GERMANY, NETHERLANDS"
2000,15,NETHERLANDS
2000,17,"CHINA, EUROPEAN UNION, FRANCE, G77, MEXICO, NETHERLANDS, NIGERIA, POLAND, SOUTH KOREA, SWITZERLAND"
2000,18,UNITED STATES OF AMERICA (USA)
2000,19,"CHINA, G77, MALAYSIA, MOROCCO, NIGERIA, NORWAY, SLOVENIA, UGANDA, UKRAINE, YUGOSLAVIA"
2000,21,"FRANCE, NORWAY"
2000,22,"CHINA, G77, MAURITANIA"
2000,23,"AUSTRALIA, CHINA, G77"
2000,25,"AOSIS, ARGENTINA, AUSTRALIA, CHINA, EUROPEAN UNION, G77, SAUDI ARABIA, UNITED STATES OF AMERICA (USA)"
2000,26,"AUSTRALIA, CANADA, DENMARK, EUROPEAN UNION, JAPAN, NEW ZELAND, NORWAY, RUSSIA, SOUTH AFRICA, UKRAINE, UNITED STATES OF AMERICA (USA)"
2000,28,"EUROPEAN UNION, FINLAND, UNITED STATES OF AMERICA (USA)"
2000,29,UNITED STATES OF AMERICA (USA)
2000,31,"AUSTRALIA, BRAZIL, CANADA, CHINA, G77, JAPAN, NEW ZELAND, NIGERIA, POLAND, THAILAND, UNITED STATES OF AMERICA (USA)"
2000,34,"CHINA, G77, IRAN, SWEDEN"
2000,35,ARGENTINA
2000,37,MALAYSIA
2000,38,"KAZAKHSTAN, PAKISTAN, TURKEY, UNITED STATES OF AMERICA (USA)"
2000,39,"BRAZIL, NEW ZELAND"
2000,40,"AUSTRALIA, BRAZIL, CHINA, EUROPEAN UNION, G77, INDIA, JAPAN, NEW ZELAND, UNITED STATES OF AMERICA (USA)"
2000,42,"AUSTRALIA, BRAZIL, CHINA, EUROPEAN UNION, G77, INDIA, JAPAN, NEW ZELAND, NORWAY, SAUDI ARABIA, SWITZERLAND, UNITED STATES OF AMERICA (USA)"
2000,43,"AOSIS, CANADA, EUROPEAN UNION, ICELAND, INDIA, JAPAN, NORWAY, UGANDA, UNITED STATES OF AMERICA (USA)"
2000,45,"AOSIS, AUSTRALIA, BOLIVIA, BRAZIL, CANADA, CHILE, CHINA, COLOMBIA, COSTA RICA, EUROPEAN UNION, G77, JAPAN, MALAYSIA, NORWAY, PERU, SWITZERLAND, UNITED STATES OF AMERICA (USA)"
2000,46,"CANADA, CHINA, EUROPEAN UNION, G77, JAPAN, MEXICO, NORWAY, UNITED KINGDOM (UK), UNITED STATES OF AMERICA (USA)"
2000,48,"AUSTRALIA, CANADA, CHINA, COSTA RICA, EUROPEAN UNION, G77, HUGARY, JAPAN, MALAYSIA, SAUDI ARABIA, UNITED STATES OF AMERICA (USA)"
2000,49,"AUSTRALIA, BOLIVIA, BRAZIL, CANADA, CHINA, COLOMBIA, EUROPEAN UNION, G77, GHANA, HONDURAS, HUGARY, INDIA, INDONESIA, JAPAN, RUSSIA, SAUDI ARABIA, UNITED STATES OF AMERICA (USA)"
2000,51,"AUSTRALIA, CHINA, EUROPEAN UNION, G77, INDIA, JAPAN, NEW ZELAND, NORWAY, RUSSIA, UNITED STATES OF AMERICA (USA)"
2000,52,"AUSTRALIA, CANADA, CHINA, EUROPEAN UNION, G77, JAPAN, NEW ZELAND, POLAND, RUSSIA, SAUDI ARABIA, UNITED ARAB EMIRATES (UAE), UNITED STATES OF AMERICA (USA)"
2000,54,"AOSIS, ARGENTINA, AUSTRALIA, CHINA, EUROPEAN UNION, G77, JAPAN, RUSSIA, UNITED STATES OF AMERICA (USA)"
2000,55,"AUSTRALIA, CANADA, CHINA, EUROPEAN UNION, G77, JAPAN, SAUDI ARABIA, SWITZERLAND, TANZANIA, UNITED STATES OF AMERICA (USA)"
2000,57,"CANADA, CHINA, EUROPEAN UNION, G77"
2000,58,"DENMARK, ICELAND"
2000,59,GERMANY
2000,63,"AUSTRIA, BOLIVIA, BUTHAN, COSTA RICA, FRANCE, GREECE, GUATEMALA, HONDURAS, JAPAN, KUWAIT, NETHERLANDS, NEW ZELAND, NORWAY, REPUBLIC OF IRELAND, SENEGAL, SOUTH AFRICA, TANZANIA, UNITED STATES OF AMERICA (USA)"
2000,64,"BUTHAN, CANADA, CHINA, JAPAN, MALAYSIA, NEPAL, NORWAY, PERU, SAUDI ARABIA, SOUTH AFRICA, THAILAND, TURKEY, UNITED KINGDOM (UK)"
2000,66,"BRAZIL, KENYA, TANZANIA, UNITED KINGDOM (UK)"
2000,67,"ARGENTINA, CHINA, EUROPEAN UNION, G77, SAUDI ARABIA, SWITZERLAND, UNITED STATES OF AMERICA (USA)"
2000,68,"ARGENTINA, CHINA, G77, NETHERLANDS, NIGERIA"
2000,70,NETHERLANDS
2000,71,ARGENTINA
2000,74,"CHINA, EUROPEAN UNION, G77, UNITED KINGDOM (UK), UNITED STATES OF AMERICA (USA)"
2000,75,"CHINA, EUROPEAN UNION, G77, UNITED STATES OF AMERICA (USA)"
2000,76,UNITED STATES OF AMERICA (USA)
2000,80,"FRANCE, UNITED STATES OF AMERICA (USA)"
2000,81,"AUSTRIA, BURKINA, Burkina Faso, CHINA, GERMANY, MOROCCO, SWITZERLAND, UNITED KINGDOM (UK), UNITED STATES OF AMERICA (USA)"
2002,1,"AUSTRALIA, CANADA, FINLAND, GERMANY, ICELAND, JAPAN, NETHERLANDS, NEW ZELAND, NORWAY, SWEDEN, SWITZERLAND, UNITED KINGDOM (UK), UNITED STATES OF AMERICA (USA)"
2002,5,"ARGENTINA, INDIA"
2002,13,"ARGENTINA, GERMANY, JAPAN, NETHERLANDS"
2002,14,"ARGENTINA, AUSTRALIA, CANADA, CHINA, EUROPEAN UNION, G77, GERMANY, JAPAN, MOROCCO, NEW ZELAND, RUSSIA, UNITED STATES OF AMERICA (USA)"
2002,16,SOUTH AFRICA
2002,17,"AFGHANISTAN, BULGARIA, BURKINA, Burkina Faso, CANADA, CHILE, CHINA, EUROPEAN UNION, G77, GERMANY, ICELAND, INDIA, MOROCCO, PANAMA, QATAR, RUSSIA, SAUDI ARABIA"
2002,18,"CHINA, ZIMBABWE"
2002,19,"CHINA, EUROPEAN UNION, G77, GRULAC, ICELAND, NEW ZELAND, NORWAY, SAUDI ARABIA, UNITED STATES OF AMERICA (USA)"
2002,21,"CHINA, EUROPEAN UNION, G77, NEW ZELAND, SAUDI ARABIA, SOUTH AFRICA, UNITED STATES OF AMERICA (USA)"
2002,24,"AOSIS, BOLIVIA, BRAZIL, CANADA, CHILE, CHINA, COLOMBIA, EUROPEAN UNION, G77, GERMANY, MALAYSIA, NEW ZELAND, NORWAY, SWITZERLAND, URUGUAY"
2002,25,"AUSTRALIA, BRAZIL, CANADA, CHINA, CROATIA, EUROPEAN UNION, GHANA, INDIA, MEXICO, SAUDI ARABIA, UGANDA, UNITED KINGDOM (UK), UNITED STATES OF AMERICA (USA), YUGOSLAVIA"
2002,27,"AUSTRALIA, CHINA, EUROPEAN UNION, G77, NORWAY, SAUDI ARABIA, UNITED STATES OF AMERICA (USA)"
2002,28,"AOSIS, AUSTRALIA, CANADA, CHINA, COLOMBIA, EUROPEAN UNION, FINLAND, INDIA, JAPAN, MALAYSIA, NORWAY, RUSSIA, SWITZERLAND, UNITED STATES OF AMERICA (USA)"
2002,30,"BELGIUM, CANADA, CHINA, EUROPEAN UNION, GAMBIA, INDIA, NAMIBIA, NEW ZELAND, POLAND, RUSSIA, SENEGAL, SLOVENIA, SWITZERLAND, UNITED STATES OF AMERICA (USA)"
2002,31,SAUDI ARABIA
2002,32,"ARGENTINA, CANADA, EUROPEAN UNION, INDIA, KENYA, KUWAIT, UNITED STATES OF AMERICA (USA)"
2002,34,"AUSTRALIA, CANADA, CHINA, EUROPEAN UNION, G77, ITALIA, JAPAN"
2002,35,"EUROPEAN UNION, FIJI, ITALIA, JAPAN, SWITZERLAND, UNITED STATES OF AMERICA (USA)"
2002,37,"BARBADOS, BRAZIL, CANADA, CHINA, EUROPEAN UNION, G77, INDIA, JAPAN, NORWAY"
2002,38,"BULGARIA, BUTHAN, CANADA, CHINA, G77, IRAN"
2002,40,"ALBANIA, AUSTRALIA, BANGLADESH, CANADA, EUROPEAN UNION, GAMBIA, ITALIA, JAPAN, MOLDOVA, UNITED STATES OF AMERICA (USA)"
2002,41,"AUSTRALIA, BULGARIA, CANADA, CROATIA, EUROPEAN UNION, SWITZERLAND, UNITED KINGDOM (UK), UNITED STATES OF AMERICA (USA)"
2002,42,UNITED STATES OF AMERICA (USA)
2002,44,"ICELAND, MONACP"
2002,45,INDIA
2002,46,"AOSIS, EUROPEAN UNION, FINLAND, INDIA, INTERNATIONAL WORK GROUP FOR INDIGENOUS AFFAIRS (IWGIA), NEW ZELAND, UNITED KINGDOM (UK)"
2002,48,"AOSIS, AUSTRALIA, BELGIUM, BRAZIL, BULGARIA, COLOMBIA, DENMARK, ETHIOPIA, EUROPEAN UNION, FINLAND, GERMANY, GREECE, IRAN, JAPAN, KENYA, MALAYSIA, MEXICO, NAMIBIA, NEPAL, NEW ZELAND, POLAND, REPUBLIC OF IRELAND, SAUDI ARABIA, SLOVENIA, SOUTH AFRICA, SOUTH KOREA, SPAIN, SWITZERLAND, TANZANIA, THAILAND, UGANDA, UNITED STATES OF AMERICA (USA), URUGUAY, VENEZUELA"
2002,49,"ALGERIA, BANGLADESH, BELGIUM, CANADA, CHINA, CUBA, EGYPT, EUROPEAN UNION, G77, GERMANY, ICELAND, INDIA, ISREAL, ITALIA, KIRIBATI, KUWAIT, NIGERIA, OMAN, PALAU, QATAR, RUSSIA, SAUDI ARABIA, SWEDEN, THAILAND, UGANDA, UNITED STATES OF AMERICA (USA), VENEZUELA"
2002,51,"BRAZIL, CHILE, EUROPEAN UNION, NEPAL, PAPUA NEW GUINEA, TANZANIA"
2002,52,"CANADA, CHINA, EUROPEAN UNION, G77, JAPAN, UNITED STATES OF AMERICA (USA)"
2002,53,"NIGERIA, SAUDI ARABIA, UNITED STATES OF AMERICA (USA)"
2002,54,"INDIA, UNITED KINGDOM (UK)"
2002,56,INDIA
2002,57,"CHINA, G77, NIGERIA, UNITED STATES OF AMERICA (USA)"
2002,58,"CHINA, EUROPEAN UNION, G77"
2002,59,"AUSTRALIA, CANADA, CHINA, UNITED STATES OF AMERICA (USA)"
2002,61,CANADA
2002,62,UNITED STATES OF AMERICA (USA)
2002,63,UNITED STATES OF AMERICA (USA)
2002,64,UNITED KINGDOM (UK)
2002,65,"AUSTRIA, CHINA, GERMANY, ITALIA, RUSSIA, SWEDEN, UNITED STATES OF AMERICA (USA)"
2003,1,"AUSTRALIA, CANADA, GERMANY, JAPAN, NORWAY, SWEDEN, SWITZERLAND, UNITED KINGDOM (UK), UNITED STATES OF AMERICA (USA)"
2003,5,ITALIA
2003,6,"GERMANY, JAPAN"
2003,12,"ARGENTINA, GERMANY, NETHERLANDS, UNITED STATES OF AMERICA (USA)"
2003,13,"AUSTRALIA, CANADA, EUROPEAN UNION, INDIA, JAPAN, MOROCCO, NEW ZELAND, RUSSIA"
2003,14,"HUGARY, INDIA"
2003,16,"AOSIS, CHINA, EUROPEAN UNION, G77, ITALIA, MOROCCO, PAKISTAN, RUSSIA, TANZANIA, UNITED STATES OF AMERICA (USA), ZIMBABWE"
2003,17,"BAHAMAS, ICELAND, OMAN"
2003,18,"CANADA, CHINA, EUROPEAN UNION, G77, INDIA, JAPAN, MALAYSIA, NEW ZELAND, NORWAY, OMAN, RUSSIA, SAUDI ARABIA, SUDAN, THAILAND"
2003,20,UNITED KINGDOM (UK)
2003,21,"BRAZIL, GERMANY, NEW ZELAND"
2003,23,"AUSTRALIA, CANADA, EUROPEAN UNION, NORWAY, SWITZERLAND"
2003,24,"AOSIS, CANADA, CHINA, EUROPEAN UNION, G77, NORWAY, ZIMBABWE"
2003,26,"NEW ZELAND, UNITED STATES OF AMERICA (USA)"
2003,27,"AUSTRALIA, EUROPEAN UNION, GHANA, TANZANIA, TRINIDAD AND TOBAGO, UNITED KINGDOM (UK)"
2003,29,"AOSIS, AUSTRALIA, CHILE, CHINA, EUROPEAN UNION, G77, UGANDA"
2003,30,"CANADA, CHILE, EUROPEAN UNION, FINLAND, ITALIA"
2003,32,"BRAZIL, GERMANY, UNITED KINGDOM (UK)"
2003,33,"AUSTRALIA, BULGARIA, CHINA, EUROPEAN UNION, G77, SAUDI ARABIA, UNITED STATES OF AMERICA (USA)"
2003,34,"AUSTRALIA, CHINA, EUROPEAN UNION, G77, KUWAIT, UNITED STATES OF AMERICA (USA)"
2003,36,"BARBADOS, CHINA, COLOMBIA, DENMARK, EUROPEAN UNION, FEDERATED STATES OF MICRONESIA, G77, PERU, SOUTH AFRICA"
2003,37,"ARGENTINA, CANADA, CHINA, EUROPEAN UNION, G77, JAPAN, NIGERIA, NORWAY, SAUDI ARABIA"
2003,39,"ALGERIA, BRAZIL, BUTHAN, CHINA, COLOMBIA, EUROPEAN UNION, G77, TANZANIA"
2003,40,"CROATIA, GAMBIA, SWITZERLAND"
2003,42,"AOSIS, AUSTRALIA, BANGLADESH, CANADA, CHINA, EUROPEAN UNION, FEDERATED STATES OF MICRONESIA, G77, INDIA, JAPAN, NEW ZELAND, SAUDI ARABIA, TANZANIA, UNITED ARAB EMIRATES (UAE), UNITED KINGDOM (UK), UNITED STATES OF AMERICA (USA)"
2003,43,"BURKINA, ITALIA, NEW ZELAND, TANZANIA"
2003,45,"ALBANIA, ARGENTINA, AUSTRALIA, CHINA, EUROPEAN UNION, G77, JAPAN, NEW ZELAND, UGANDA, UNITED STATES OF AMERICA (USA)"
2003,46,"ARGENTINA, BELARUS, BRAZIL, CHINA, CROATIA, EUROPEAN UNION, G77, SAUDI ARABIA, UNITED KINGDOM (UK), UNITED STATES OF AMERICA (USA)"
2003,48,KENYA
2003,49,"AOSIS, ARGENTINA, BANGLADESH, BELARUS, BURKINA, CANADA, CHILE, CHINA, EUROPEAN UNION, FINLAND, G77, ICELAND, JAMAICA, LIBYA, MALTA, NEW ZELAND, OMAN, PAKISTAN, RUSSIA, SAUDI ARABIA, SLOVENIA, SOUTH AFRICA, UNITED ARAB EMIRATES (UAE), UNITED STATES OF AMERICA (USA)"
2003,50,"ARGENTINA, CHINA, EUROPEAN UNION, G77, SAUDI ARABIA, UNITED STATES OF AMERICA (USA)"
2003,52,"BRAZIL, CANADA, EUROPEAN UNION, GEORGIA, ICELAND, JAPAN, NEW ZELAND, NORWAY, SWITZERLAND, TANZANIA, UNITED STATES OF AMERICA (USA)"
2003,53,"EUROPEAN UNION, ITALIA"
2003,54,"ARGENTINA, AUSTRIA, BELGIUM, BENIN, BURKINA, CHINA, EUROPEAN UNION, FRANCE, G77, ITALIA, JAPAN, MARSHALL ISLANDS, MOROCCO, NEPAL, NEW ZELAND, PANAMA, RUSSIA, SAUDI ARABIA, SLOVENIA, UNITED STATES OF AMERICA (USA)"
2003,56,"BELGIUM, BURUNDI, CHINA, CUBA, EUROPEAN UNION, G77, GHANA, ICELAND, INDIA, INTERNATIONAL WORK GROUP FOR INDIGENOUS AFFAIRS (IWGIA), JAPAN, MALAYSIA, REPUBLIC OF IRELAND, RWANDA, SAUDI ARABIA, SOUTH AFRICA, SOUTH KOREA, SPAIN, SWEDEN, UKRAINE, UNITED KINGDOM (UK), UNITED STATES OF AMERICA (USA)"
2003,57,"BANGLADESH, BUTHAN, CHILE, COLOMBIA, COSTA RICA, CZECH REPUBLIC, GAMBIA, GERMANY, GREECE, IRAN, KAZAKHSTAN, MEXICO, NETHERLANDS, NIGERIA, NORWAY, OMAN, PHILIPPINES, RUSSIA, SWEDEN, TURKEY, YEMEN"
2003,59,"AUSTRALIA, CUBA, ITALIA, KIRIBATI, RUSSIA"
2003,60,"ARGENTINA, AUSTRALIA, CHINA, CUBA, G77, ITALIA, JAPAN, PANAMA, RUSSIA"
2003,64,"BOLIVIA, CHINA, COLOMBIA, EUROPEAN UNION, G77, NORWAY, SWITZERLAND"
2003,65,"AUSTRALIA, CANADA, CHINA, EUROPEAN UNION, FEDERATED STATES OF MICRONESIA, G77, GERMANY, NETHERLANDS, UNITED KINGDOM (UK)"
2003,69,"RUSSIA, UNITED STATES OF AMERICA (USA)"
2003,71,"AUSTRIA, BAHAMAS, BARBADOS, BELGIUM, CANADA, INDIA, MALAYSIA, UNITED STATES OF AMERICA (USA)"
2003,73,"AUSTRIA, EUROPEAN UNION, FRANCE, GERMANY, SWITZERLAND, UNITED STATES OF AMERICA (USA)"
2003,74,"ARGENTINA, AUSTRALIA, AUSTRIA, CANADA, CZECH REPUBLIC, FINLAND, FRANCE, GERMANY, UNITED KINGDOM (UK), UNITED STATES OF AMERICA (USA)"
2007,1,"AUSTRALIA, AUSTRIA, CANADA, FRANCE, GERMANY, ITALIA, JAPAN, NETHERLANDS, NEW ZELAND, SPAIN, SWEDEN, SWITZERLAND, UNITED KINGDOM (UK), UNITED STATES OF AMERICA (USA)"
2007,7,RUSSIA
2007,16,DENMARK
2007,17,JAPAN
2007,18,"ARGENTINA, CANADA, GERMANY, MOROCCO, NETHERLANDS"
2007,20,"AUSTRIA, GERMANY, KENYA, RUSSIA"
2007,21,INDONESIA
2007,22,"AFRICAN GROUP, AOSIS, AUSTRALIA, CHINA, EUROPEAN UNION, G77, NIGERIA, PAKISTAN, PORTUGAL, SWITZERLAND"
2007,23,"AUSTRIA, BARBADOS, CHINA, COSTA RICA, DENMARK, G77, GEORGIA, IRAN, NEW ZELAND, NIGERIA, PAKISTAN, POLAND, RUSSIA, TANZANIA"
2007,25,POLAND
2007,26,"BELGIUM, COLOMBIA, EUROPEAN UNION, INDONESIA, JAMAICA, MALAYSIA, NORWAY, SUDAN"
2007,27,ARGENTINA
2007,28,"CANADA, CHINA, G77, GAMBIA"
2007,30,"AUSTRALIA, BAHAMAS, BRAZIL, CANADA, CHINA, EUROPEAN UNION, G77, JAPAN, NEW ZELAND, UNITED STATES OF AMERICA (USA)"
2007,31,"AOSIS, AUSTRALIA, BAHAMAS, CHINA, FINLAND, G77, JAPAN, UGANDA, UNITED STATES OF AMERICA (USA)"
2007,33,"AUSTRIA, CHINA, EUROPEAN UNION, G77"
2007,34,"AUSTRALIA, AUSTRIA, CANADA, CHINA, EUROPEAN UNION, G77, ROMANIA, SOUTH AFRICA, UGANDA, UNITED STATES OF AMERICA (USA)"
2007,36,AUSTRALIA
2007,37,"ARGENTINA, BRAZIL, BUTHAN, COLOMBIA, EUROPEAN UNION, INDIA, JAPAN, NORWAY, PAPUA NEW GUINEA, UNITED STATES OF AMERICA (USA)"
2007,39,"GERMANY, UNITED STATES OF AMERICA (USA)"
2007,42,"AUSTRALIA, CHINA, EUROPEAN UNION, G77, JAMAICA, JAPAN, KENYA, NEW ZELAND, SAUDI ARABIA, UNITED STATES OF AMERICA (USA)"
2007,43,"EUROPEAN UNION, NEW ZELAND, NORWAY, SAUDI ARABIA, SUDAN"
2007,45,"CHINA, EUROPEAN UNION, FRANCE, GAMBIA, GERMANY, INDIA, IRAN, JAPAN, KENYA, SENEGAL"
2007,46,INDIA
2007,47,"AUSTRALIA, CHINA, EUROPEAN UNION, G77, SAUDI ARABIA"
2007,49,"NORWAY, QATAR"
2007,51,"ARGENTINA, AUSTRIA, BRAZIL, CHILE, CHINA, COLOMBIA, EUROPEAN UNION, G77, INDIA, SWITZERLAND"
2007,52,"AUSTRIA, BOLIVIA, BRAZIL, CHILE, CHINA"
2007,53,"GHANA, HUGARY"
2007,56,"CANADA, TANZANIA"
2007,57,SAUDI ARABIA
2007,58,CHINA
2007,60,"CANADA, CHINA, GERMANY, SUDAN"
2007,63,"AUSTRIA, CHINA, G77, ROMANIA"
2007,64,"FINLAND, NIGERIA"
2007,65,"CHINA, EUROPEAN UNION, G77, JAPAN"
2007,68,"EUROPEAN UNION, JAPAN, SAUDI ARABIA"
2007,69,"EUROPEAN UNION, JAPAN, KUWAIT, SAUDI ARABIA"
2007,70,UNITED STATES OF AMERICA (USA)
2007,71,"EUROPEAN UNION, FRANCE"
2007,72,"SUDAN, UNITED STATES OF AMERICA (USA)"
2007,73,"BELARUS, UNITED STATES OF AMERICA (USA)"
2007,75,"BELARUS, EUROPEAN UNION, RUSSIA, UKRAINE"
2007,76,"AUSTRALIA, INDONESIA, NORWAY, PALAU, PAPUA NEW GUINEA, SINGAPORE"
2007,77,"AOSIS, AUSTRALIA, CHINA, EUROPEAN UNION, G77, GERMANY, INDONESIA, PAKISTAN, PORTUGAL, UNITED STATES OF AMERICA (USA)"
2007,79,"DENMARK, EUROPEAN UNION, INDIA, INDONESIA, RUSSIA, UNITED STATES OF AMERICA (USA)"
2007,80,"AUSTRALIA, SOUTH AFRICA"
2007,81,"CANADA, CHINA, EUROPEAN UNION, G77, INDIA, JAPAN, RUSSIA, UNITED STATES OF AMERICA (USA)"
2007,83,"EUROPEAN UNION, INDIA, PAPUA NEW GUINEA, SOUTH AFRICA, UNITED STATES OF AMERICA (USA)"
2007,85,"AUSTRALIA, CANADA, CHINA, EUROPEAN UNION, FINLAND, G77, RUSSIA, SOUTH AFRICA"
2007,87,"CANADA, CHINA, EUROPEAN UNION, G77, NEW ZELAND, RUSSIA, SWITZERLAND"
2007,89,"BRAZIL, NEW ZELAND, RUSSIA, UKRAINE"
2007,91,"AUSTRALIA, BELARUS, CANADA, EUROPEAN UNION, INDIA, INDONESIA, JAPAN, NEW ZELAND, RUSSIA, SAUDI ARABIA, UNITED STATES OF AMERICA (USA)"
2007,92,"CHINA, EUROPEAN UNION, G77, INDONESIA, PAKISTAN"
2007,93,UNITED STATES OF AMERICA (USA)
2007,97,UNITED STATES OF AMERICA (USA)
2007,98,"GERMANY, UNITED STATES OF AMERICA (USA)"
2007,99,"EUROPEAN UNION, UNITED STATES OF AMERICA (USA)"
2007,101,"AOSIS, AUSTRIA, CANADA, CHINA, EUROPEAN UNION, G77, INDIA, INDONESIA, JAPAN, PAPUA NEW GUINEA, RUSSIA, SOUTH AFRICA, UNITED STATES OF AMERICA (USA)"
2007,102,"CHINA, G77"
2007,103,UNITED STATES OF AMERICA (USA)
2007,105,"AUSTRALIA, CANADA, UNITED STATES OF AMERICA (USA)"
2007,106,"GERMANY, NORWAY, UNITED KINGDOM (UK)"
2007,107,"GERMANY, GHANA, HUGARY, HUNGARY, INDIA, UNITED STATES OF AMERICA (USA)"
2007,109,"POLAND, SWEDEN"
2007,110,AOSIS
2007,111,UNITED STATES OF AMERICA (USA)
2006,1,"AUSTRALIA, AUSTRIA, CANADA, FRANCE, GERMANY, ITALIA, JAPAN, NETHERLANDS, NEW ZELAND, SPAIN, SWITZERLAND, UNITED KINGDOM (UK), UNITED STATES OF AMERICA (USA)"
2006,6,"BELARUS, KENYA"
2006,7,RUSSIA
2006,13,KENYA
2006,14,JAPAN
2006,15,"ARGENTINA, CANADA, GERMANY, MOROCCO, NETHERLANDS"
2006,20,KENYA
2006,21,"AFRICAN GROUP, AUSTRALIA, BANGLADESH, CHINA, EUROPEAN UNION, FINLAND, G77, NIGERIA, RUSSIA, SAUDI ARABIA, SOUTH AFRICA"
2006,22,UNITED STATES OF AMERICA (USA)
2006,24,"BARBADOS, FINLAND, GHANA, INDONESIA, IRAN, NORWAY, OMAN, RUSSIA, TRINIDAD AND TOBAGO, UKRAINE"
2006,25,"AUSTRALIA, BRAZIL, CHINA, SOUTH AFRICA"
2006,27,"CANADA, CHINA, EUROPEAN UNION, G77, GAMBIA, NIGERIA"
2006,30,"CHINA, EUROPEAN UNION, G77, UNITED STATES OF AMERICA (USA)"
2006,31,"CHINA, DENMARK, EUROPEAN UNION, G77"
2006,33,"AUSTRALIA, BAHAMAS, CHINA, EUROPEAN UNION, G77, NETHERLANDS"
2006,35,"CANADA, CHINA, G77, GHANA, JAPAN, SOUTH AFRICA"
2006,36,"AUSTRIA, CHINA, EUROPEAN UNION, G77"
2006,39,"ARGENTINA, AUSTRALIA, CHINA, EUROPEAN UNION, G77, NIGERIA, SAUDI ARABIA, SWEDEN, ZIMBABWE"
2006,40,"BELARUS, KAZAKHSTAN, RUSSIA, TURKMENISTAN, UKRAINE"
2006,41,"CANADA, EUROPEAN UNION, KAZAKHSTAN"
2006,42,"EUROPEAN UNION, GERMANY, NORWAY"
2006,45,"CANADA, CHINA, EUROPEAN UNION, G77, KENYA, NEW ZELAND, UNITED STATES OF AMERICA (USA)"
2006,46,"ARGENTINA, BRAZIL, EUROPEAN UNION, JAPAN, NORWAY, PAPUA NEW GUINEA, UNITED STATES OF AMERICA (USA)"
2006,49,"ARGENTINA, GERMANY, JAPAN, UNITED STATES OF AMERICA (USA)"
2006,50,"CHINA, EUROPEAN UNION, FEDERATED STATES OF MICRONESIA, JAPAN, KUWAIT, NORWAY, SAUDI ARABIA, UNITED KINGDOM (UK)"
2006,52,"FRANCE, INDIA"
2006,54,"CROATIA, EUROPEAN UNION, UNITED KINGDOM (UK), YUGOSLAVIA"
2006,55,"CHINA, EUROPEAN UNION, G77"
2006,56,RUSSIA
2006,57,"BRAZIL, MALTA"
2006,60,"AUSTRALIA, CANADA, CHINA, EUROPEAN UNION, G77, NORWAY, SWITZERLAND"
2006,61,"CHINA, EUROPEAN UNION, G77, MEXICO, NORWAY, SWITZERLAND"
2006,62,"AFRICAN GROUP, CHINA, EUROPEAN UNION, G77, UNITED STATES OF AMERICA (USA)"
2006,63,"CANADA, CHINA, EUROPEAN UNION, G77, RUSSIA, UNITED STATES OF AMERICA (USA)"
2006,65,"CHINA, G77, GHANA, RUSSIA"
2006,66,"BRAZIL, CANADA, COSTA RICA, EUROPEAN UNION, JAPAN, KENYA, NORWAY, SAUDI ARABIA, SOUTH AFRICA"
2006,67,"AFRICAN GROUP, AOSIS, BOLIVIA, BRAZIL, COLOMBIA, EUROPEAN UNION, NEPAL"
2006,71,"GHANA, SWEDEN"
2006,73,UNITED STATES OF AMERICA (USA)
2006,74,"CANADA, EUROPEAN UNION, JAPAN, TANZANIA"
2006,76,EUROPEAN UNION
2006,77,"EUROPEAN UNION, JAPAN"
2006,78,"BAHAMAS, NETHERLANDS"
2006,80,"CHINA, G77, UNITED KINGDOM (UK)"
2006,81,"CANADA, CHINA, EUROPEAN UNION, G77, JAPAN, NEW ZELAND, NORWAY, SOUTH AFRICA, SWITZERLAND, UGANDA"
2006,84,"CHINA, EUROPEAN UNION, G77"
2006,86,"CHINA, EUROPEAN UNION, G77, JAPAN, NORWAY, SAUDI ARABIA, SWEDEN, UNITED ARAB EMIRATES (UAE)"
2006,87,"CHINA, G77, JAPAN, SAUDI ARABIA"
2006,88,"BELARUS, BRAZIL, CANADA, EUROPEAN UNION, JAPAN, UNITED STATES OF AMERICA (USA)"
2006,90,BELARUS
2006,91,"FRANCE, GERMANY, NORWAY"
2006,92,"ARGENTINA, BRAZIL, CANADA, EUROPEAN UNION, JAPAN"
2006,93,"BRAZIL, CHINA, EUROPEAN UNION, GERMANY"
2006,97,ITALIA
2006,99,"AFRICAN GROUP, BANGLADESH, CHINA, COSTA RICA, EUROPEAN UNION, FINLAND, G77, GERMANY, INDIA, KENYA, MEXICO, PHILIPPINES, SAUDI ARABIA, SOUTH AFRICA, SWITZERLAND, UNITED STATES OF AMERICA (USA)"
2006,102,"KENYA, UNITED STATES OF AMERICA (USA)"
2006,103,KENYA
2006,104,"KENYA, SOUTH AFRICA"
2006,107,"AFRICAN GROUP, KENYA"
2006,108,"CHINA, G77, KENYA, RUSSIA"
2006,109,KENYA
2006,110,"EUROPEAN UNION, KENYA, UNITED STATES OF AMERICA (USA)"
2006,111,KENYA
2006,113,UNITED STATES OF AMERICA (USA)
2006,114,KENYA
2006,115,"EUROPEAN UNION, GERMANY, QATAR, SWITZERLAND, UNITED STATES OF AMERICA (USA)"
2006,116,"BELGIUM, DENMARK, EUROPEAN UNION, FRANCE, GERMANY, THAILAND, UNITED STATES OF AMERICA (USA)"
2006,119,"CANADA, FIJI, GERMANY, KENYA, RUSSIA, UNITED STATES OF AMERICA (USA)"
2006,120,INDONESIA
2006,129,UNITED STATES OF AMERICA (USA)
2005,1,"AUSTRALIA, AUSTRIA, CANADA, FINLAND, FRANCE, GERMANY, ITALIA, JAPAN, NETHERLANDS, NORWAY, SPAIN, SWEDEN, SWITZERLAND, UNITED KINGDOM (UK), UNITED STATES OF AMERICA (USA)"
2005,6,CANADA
2005,14,"ARGENTINA, GERMANY, JAPAN, NETHERLANDS"
2005,15,ARGENTINA
2005,19,"ARGENTINA, BANGLADESH, CANADA, CHINA, EUROPEAN UNION, G77, JAMAICA, KENYA, UNITED KINGDOM (UK)"
2005,20,"CHINA, G77"
2005,21,"ARGENTINA, DENMARK, GHANA, IRAN, KENYA, OMAN, POLAND, TRINIDAD AND TOBAGO, UKRAINE, UNITED STATES OF AMERICA (USA)"
2005,22,"BARBADOS, CHINA, EUROPEAN UNION, G77, GERMANY"
2005,24,"GREECE, KENYA, Mapped label"
2005,25,"CHINA, G77, GERMANY, JAPAN, MALAYSIA, TRINIDAD AND TOBAGO, UNITED STATES OF AMERICA (USA)"
2005,28,"CHINA, EUROPEAN UNION, G77, PHILIPPINES, SWEDEN"
2005,29,"ARGENTINA, CANADA, CHINA, EUROPEAN UNION, G77, SAUDI ARABIA, UNITED STATES OF AMERICA (USA)"
2005,32,"AUSTRIA, BUTHAN"
2005,33,"AOSIS, ARGENTINA, BRAZIL, CHINA, COSTA RICA, EUROPEAN UNION, G77, PAPUA NEW GUINEA, UNITED STATES OF AMERICA (USA)"
2005,36,FEDERATED STATES OF MICRONESIA
2005,37,"AUSTRALIA, SUDAN"
2005,38,"AOSIS, AUSTRALIA, BRAZIL, CHILE, EUROPEAN UNION, ITALIA, JAPAN, KUWAIT, LIBYA, NORWAY, SAUDI ARABIA, SOUTH AFRICA, SPAIN, SWITZERLAND, UNITED STATES OF AMERICA (USA)"
2005,41,"AUSTRALIA, CANADA, CHINA, EUROPEAN UNION, GERMANY, JAPAN, MALAYSIA, PANAMA, SOUTH AFRICA, SWITZERLAND, UGANDA"
2005,45,"AOSIS, CHINA, EUROPEAN UNION, G77, LIBYA, UNITED STATES OF AMERICA (USA)"
2005,46,"AOSIS, AUSTRALIA, CHINA, EUROPEAN UNION, G77, GHANA, IRAN, LIBYA, NORWAY, SAUDI ARABIA, UNITED STATES OF AMERICA (USA)"
2005,48,"EUROPEAN UNION, UNITED KINGDOM (UK)"
2005,50,"AOSIS, BANGLADESH, CHINA, G77, JAMAICA"
2005,51,"EUROPEAN UNION, SAUDI ARABIA"
2005,52,CANADA
2005,59,"AOSIS, BRAZIL, CANADA, CHILE, CHINA, EUROPEAN UNION, G77, GERMANY, INDIA, ITALIA, JAPAN, MEXICO, PANAMA, PERU, RUSSIA, SPAIN, THAILAND, UNITED KINGDOM (UK), UNITED STATES OF AMERICA (USA)"
2005,61,UNITED STATES OF AMERICA (USA)
2005,62,"BULGARIA, CHINA, EUROPEAN UNION, G77, RUSSIA"
2005,64,"CHINA, NEW ZELAND"
2005,65,"BURKINA, CANADA, EUROPEAN UNION, JAPAN, NEW ZELAND, NORWAY, SAUDI ARABIA"
2005,68,"AOSIS, CHINA"
2005,69,"PHILIPPINES, SWEDEN"
2005,70,"CHINA, G77, JAPAN, SOUTH AFRICA"
2005,71,"CANADA, CHINA, EUROPEAN UNION, G77, JAPAN, SOUTH AFRICA, SWITZERLAND, ZIMBABWE"
2005,73,"AOSIS, BANGLADESH, CANADA, CHINA, EUROPEAN UNION, FRANCE, G77, JAPAN, MEXICO, NORWAY, RUSSIA, UNITED STATES OF AMERICA (USA)"
2005,78,"BARBADOS, CANADA, CHINA, EUROPEAN UNION, G77, GERMANY"
2005,79,"CHINA, EUROPEAN UNION, G77, JAPAN, PHILIPPINES, SWITZERLAND"
2005,80,"BELARUS, SLOVENIA, UNITED STATES OF AMERICA (USA)"
2005,82,"BOLIVIA, BRAZIL, CANADA, CHINA, EUROPEAN UNION, INDIA, MEXICO, NORWAY, SWITZERLAND"
2005,83,"BRAZIL, EUROPEAN UNION, ITALIA"
2005,87,"AOSIS, AUSTRALIA, BANGLADESH, CANADA, CHINA, EUROPEAN UNION, G77, JAMAICA, JAPAN, MEXICO, PANAMA, PAPUA NEW GUINEA, SWEDEN"
2005,88,"AUSTRALIA, CANADA, CHINA, G77, SWITZERLAND"
2005,91,"CANADA, UNITED STATES OF AMERICA (USA)"
2005,94,SAUDI ARABIA
2005,97,"CHINA, G77"
2005,98,UNITED STATES OF AMERICA (USA)
2005,100,UNITED STATES OF AMERICA (USA)
2005,104,"AUSTRALIA, CHINA, INDIA, RUSSIA, UNITED STATES OF AMERICA (USA)"
2005,105,"AUSTRALIA, AUSTRIA, DENMARK, EUROPEAN UNION, GREECE, NEW ZEALAND, SENEGAL, UNITED STATES OF AMERICA (USA)"
2005,106,"CANADA, GERMANY, KENYA, NORWAY, UNITED STATES OF AMERICA (USA)"
2024,4,"FRANCE, UNITED ARAB EMIRATES (UAE)"
2024,5,"CHINA, G77, UNITED STATES OF AMERICA (USA)"
2024,6,"AILAC, AOSIS, CHINA, EUROPEAN UNION, G77, JAPAN, NEW ZEALAND, UNITED STATES OF AMERICA (USA)"
2024,7,"AOSIS, LMDC"
2024,8,"AUSTRALIA, EUROPEAN UNION, JAPAN, NEW ZEALAND, NORWAY, UNITED KINGDOM (UK), UNITED STATES OF AMERICA (USA)"
2024,10,"AFRICAN GROUP, AOSIS, CHINA, G77, LMDC"
2024,11,"AOSIS, AUSTRALIA, BRAZIL, CANADA, EUROPEAN UNION, INTERNATIONAL WORK GROUP FOR INDIGENOUS AFFAIRS (IWGIA), NEW ZEALAND, UNITED STATES OF AMERICA (USA)"
2024,13,"AFRICAN GROUP, ARAB GROUP, CANADA, LMDC, SENEGAL, UNITED STATES OF AMERICA (USA)"
2024,14,"AFRICAN GROUP, AOSIS, ARAB GROUP, AUSTRALIA, NEW ZEALAND, NORWAY, UNITED STATES OF AMERICA (USA)"
2024,16,SWEDEN
2024,17,"FRANCE, LMDC, PAKISTAN"
2024,18,BARBADOS
2024,19,"AFRICAN GROUP, AOSIS, CHINA, EUROPEAN UNION, G77, NORWAY"
2024,20,GERMANY
2024,21,"FRANCE, NORWAY, SAUDI ARABIA"
2024,23,AOSIS
2024,24,"AUSTRALIA, BUTHAN, FRANCE"
2024,27,AOSIS
2024,28,"FRANCE, NETHERLANDS"
2024,30,SLOVENIA
2024,32,"CANADA, CHINA, EUROPEAN UNION, G77, JAPAN, RUSSIA, UNITED KINGDOM (UK), UNITED STATES OF AMERICA (USA)"
2024,33,"CHINA, G77, SUDAN"
2024,34,SAUDI ARABIA
2024,35,AFRICAN GROUP
2024,36,"ARAB GROUP, LMDC, NORWAY, SUDAN"
2024,37,"INTERNATIONAL WORK GROUP FOR INDIGENOUS AFFAIRS (IWGIA), POLAND"
2024,40,"AOSIS, CHINA, EUROPEAN UNION, G77, LMDC, NORWAY, TRINIDAD AND TOBAGO"
2024,41,"CANADA, LMDC, UNITED ARAB EMIRATES (UAE)"
2024,42,FRANCE
2024,43,FRANCE
2024,44,FRANCE
2024,46,"CHINA, EUROPEAN UNION"
2024,47,"CANADA, PERU"
2024,48,"BRAZIL, CANADA, CHILE, MEXICO, RUSSIA, UNITED STATES OF AMERICA (USA)"
2024,49,"AOSIS, BRAZIL, CHINA, INTERNATIONAL WORK GROUP FOR INDIGENOUS AFFAIRS (IWGIA)"
2024,50,"AFRICAN GROUP, AUSTRALIA, UNITED STATES OF AMERICA (USA)"
2024,53,"KENYA, REPUBLIC OF IRELAND"
2024,54,LMDC
2024,55,EUROPEAN UNION
2024,57,AZERBAIJAN
2024,58,SAUDI ARABIA
1996,2,"GERMANY, JAPAN, UNITED STATES OF AMERICA (USA)"
1996,3,GERMANY
1996,6,"AUSTRALIA, CANADA, DENMARK, FRANCE, GERMANY, ICELAND, NETHERLANDS, SWITZERLAND, UNITED KINGDOM (UK)"
1996,8,GERMANY
1996,11,GERMANY
1996,15,GERMANY
1996,17,"CZECH REPUBLIC, GERMANY, HUGARY, ISREAL, MONACP, QATAR, RUSSIA, SAUDI ARABIA, TANZANIA, UNITED STATES OF AMERICA (USA), ZIMBABWE"
1996,19,"BANGLADESH, CANADA, COSTA RICA, GERMANY, IRAN, KUWAIT, PHILIPPINES, RUSSIA, SAUDI ARABIA, SOUTH AFRICA, SOUTH KOREA, SWITZERLAND, TURKEY, UNITED STATES OF AMERICA (USA)"
1996,20,"HUGARY, KUWAIT"
1996,22,"ARGENTINA, AUSTRALIA, BANGLADESH, BENIN, BRAZIL, BULGARIA, CANADA, CHINA, COLOMBIA, COSTA RICA, EUROPEAN UNION, FIJI, G77, GEORGIA, HUNGARY, INDIA, INDONESIA, IRAN, JAPAN, KUWAIT, MALDIVES, MOROCCO, MYANMAR, NEW ZEALAND, NIGERIA, NORWAY, OMAN, PAKISTAN, PHILIPPINES, POLAND, RUSSIA, SAUDI ARABIA, SOUTH KOREA, SWITZERLAND, UNITED ARAB EMIRATES (UAE), UNITED STATES OF AMERICA (USA)"
1996,23,"AUSTRALIA, CANADA, CHINA, COLOMBIA, EL SALVADOR, EUROPEAN UNION, G77, INDIA, IRAN, JAPAN, NETHERLANDS, NORWAY, PANAMA, PHILIPPINES, UNITED STATES OF AMERICA (USA)"
1996,25,"AOSIS, AUSTRALIA, CANADA, CHINA, EUROPEAN UNION, G77, IRAN, JAPAN, KIRIBATI, MYANMAR, NEW ZEALAND, NEW ZELAND, RUSSIA, UNITED STATES OF AMERICA (USA)"
1996,27,MAURITANIA
1996,29,"CHINA, G77"
1996,30,"AUSTRALIA, CANADA, GERMANY, HUGARY, MEXICO, NETHERLANDS, NORWAY, UNITED STATES OF AMERICA (USA)"
1996,31,"ARGENTINA, GERMANY, THAILAND, UNITED STATES OF AMERICA (USA)"
1996,33,UNITED STATES OF AMERICA (USA)
1996,34,"AOSIS, ARGENTINA, AUSTRALIA, BANGLADESH, EUROPEAN UNION, KUWAIT, SAUDI ARABIA, UNITED STATES OF AMERICA (USA)"
1996,36,"EUROPEAN UNION, SAUDI ARABIA, SOUTH AFRICA, UNITED KINGDOM (UK), UNITED STATES OF AMERICA (USA)"
1996,37,"AUSTRALIA, AUSTRIA, BRAZIL, CHINA, COLOMBIA, CUBA, EUROPEAN UNION, GERMANY, INDIA, JORDAN, KUWAIT, NEW ZEALAND, NIGERIA, NORWAY, PERU, PHILIPPINES, RUSSIA, SAUDI ARABIA, SPAIN, SWITZERLAND, SYRIA, THAILAND, UNITED STATES OF AMERICA (USA), VIETNAM"
1996,39,"AOSIS, AUSTRALIA, BANGLADESH, BENIN, BOLIVIA, BULGARIA, CENTRAL AFRICAN REPUBLIC, CHINA, COSTA RICA, DEMOCRATIC REPUBLIC OF THE CONGO (DRC), DENMARK, EGYPT, EL SALVADOR, ETHIOPIA, G77, GAMBIA, GEORGIA, HUNGARY, INDONESIA, KENYA, KIRIBATI, LITHUANIA, MALDIVES, MEXICO, MOROCCO, NEPAL, OMAN, PAKISTAN, PANAMA, POLAND, PORTUGAL, TANZANIA, UGANDA, UNITED STATES OF AMERICA (USA)"
1996,40,"BELGIUM, CANADA, DENMARK, EUROPEAN UNION, FINLAND, FRANCE, GERMANY, GREECE, JAPAN, NETHERLANDS, SOUTH KOREA, SWEDEN, SWITZERLAND, UNITED KINGDOM (UK), ZIMBABWE"
1996,42,"AUSTRALIA, CANADA, EUROPEAN UNION, GERMANY, GHANA, IRAN, JORDAN, KUWAIT, NEW ZEALAND, NIGERIA, OMAN, QATAR, RUSSIA, SAUDI ARABIA, SUDAN, SYRIA, UNITED ARAB EMIRATES (UAE), UNITED STATES OF AMERICA (USA), YEMEN"
1996,43,"JAPAN, SAUDI ARABIA, SWITZERLAND"
1996,44,"HUGARY, JAPAN"
1996,46,"ARGENTINA, MAURITANIA, UNITED KINGDOM (UK)"
1996,47,"AOSIS, ARGENTINA, CHINA, EUROPEAN UNION, G77, GERMANY, KUWAIT, RUSSIA, SAUDI ARABIA, UNITED STATES OF AMERICA (USA)"
1996,49,"CHINA, COSTA RICA, EL SALVADOR, G77, GRULAC, JAMAICA, SAUDI ARABIA, SWITZERLAND, ZIMBABWE"
1996,50,"GERMANY, UNITED STATES OF AMERICA (USA)"
1996,51,AUSTRALIA
1996,53,"AOSIS, ARGENTINA, CANADA, GERMANY, UNITED STATES OF AMERICA (USA)"
1996,54,"GERMANY, UNITED STATES OF AMERICA (USA)"
1996,55,JAPAN
1996,57,"CANADA, FRANCE, JAPAN, SWITZERLAND, UNITED KINGDOM (UK)"
1996,58,"CANADA, CHINA, INDONESIA, ITALIA, NETHERLANDS, UNITED STATES OF AMERICA (USA)"
1996,59,"POLAND, THAILAND, UNITED STATES OF AMERICA (USA)"
1996,60,"COSTA RICA, INDIA, NETHERLANDS, SWITZERLAND"
1996,62,GERMANY
1997,1,UNITED STATES OF AMERICA (USA)
1997,2,"EGYPT, SWITZERLAND"
1997,3,"GERMANY, MALAYSIA"
1997,4,"CANADA, DENMARK, FRANCE, NETHERLANDS, NORWAY, SWEDEN, SWITZERLAND, UNITED KINGDOM (UK)"
1997,12,"BRAZIL, BULGARIA, UNITED KINGDOM (UK)"
1997,13,"BULGARIA, EGYPT"
1997,14,"CHINA, CUBA, DENMARK, EGYPT, EUROPEAN UNION, FINLAND, G77, GRULAC, ICELAND, INDONESIA, IRAN, JAPAN, MOROCCO, NICARAGUA, NORWAY, PANAMA, POLAND, SWITZERLAND, TANZANIA, UNITED STATES OF AMERICA (USA), WEOG"
1997,16,"ALGERIA, AOSIS, AUSTRALIA, AUSTRIA, BARBADOS, BRAZIL, CANADA, CHILE, COLOMBIA, ECUADOR, EGYPT, EUROPEAN UNION, FRANCE, GERMANY, GREECE, HUNGARY, INDIA, JAPAN, NEW ZEALAND, PERU, PHILIPPINES, PORTUGAL, RUSSIA, SOUTH KOREA, SPAIN, UNITED STATES OF AMERICA (USA)"
1997,17,CHINA
1997,19,"BURKINA, CANADA, DENMARK, INTERNATIONAL WORK GROUP FOR INDIGENOUS AFFAIRS (IWGIA), PERU, SOUTH AFRICA, SWEDEN, UNITED KINGDOM (UK), UNITED STATES OF AMERICA (USA)"
1997,20,"BRAZIL, INDIA, IRAN, NICARAGUA, POLAND, RUSSIA, UNITED KINGDOM (UK), UNITED STATES OF AMERICA (USA)"
1997,24,"BELARUS, CANADA, EUROPEAN UNION, UNITED STATES OF AMERICA (USA)"
1997,25,"CHINA, G77"
1997,26,"CHINA, G77, NORWAY, UNITED STATES OF AMERICA (USA)"
1997,27,"CHINA, G77"
1997,29,"ARGENTINA, CANADA, CHINA, EUROPEAN UNION, G77, NORWAY, SWITZERLAND, UNITED STATES OF AMERICA (USA), URUGUAY"
1997,30,"CANADA, CHINA, EUROPEAN UNION, G77, MALTA, NORWAY, UNITED STATES OF AMERICA (USA)"
1997,31,"CHINA, EUROPEAN UNION, G77"
1997,33,"AOSIS, CANADA, CHINA, EGYPT, EUROPEAN UNION, G77, ICELAND, JAMAICA, JAPAN, NORWAY, TURKEY, UNITED STATES OF AMERICA (USA)"
1997,34,"CANADA, CHINA, G77, JAPAN, NORWAY, UNITED STATES OF AMERICA (USA)"
1997,36,"AUSTRALIA, CANADA, CHINA, EUROPEAN UNION, G77, IRAN, JAPAN, SAUDI ARABIA, SWITZERLAND, UNITED STATES OF AMERICA (USA)"
1997,37,"AOSIS, AUSTRALIA, CANADA, CHINA, COLOMBIA, EUROPEAN UNION, G77, GERMANY, IRAN, JAPAN, NIGERIA, PHILIPPINES, RUSSIA, SAUDI ARABIA, SWITZERLAND, UNITED STATES OF AMERICA (USA)"
1997,39,"AUSTRALIA, CHINA, EUROPEAN UNION, G77, JAPAN, NORWAY, RUSSIA, SOUTH KOREA, UNITED STATES OF AMERICA (USA)"
1997,40,"AUSTRALIA, CANADA, CHINA, EUROPEAN UNION, G77, JAPAN, SOUTH KOREA, SWITZERLAND, UNITED STATES OF AMERICA (USA)"
1997,42,"PHILIPPINES, UKRAINE, UNITED KINGDOM (UK)"
1997,43,"AUSTRALIA, CHINA, EUROPEAN UNION, G77, NORWAY, UNITED STATES OF AMERICA (USA)"
1997,44,"CANADA, CHINA, EUROPEAN UNION, G77, JAPAN, NORWAY, PERU, UNITED STATES OF AMERICA (USA)"
1997,47,"AUSTRALIA, BANGLADESH, BARBADOS, EUROPEAN UNION, MALAYSIA, NORWAY, UNITED STATES OF AMERICA (USA)"
1997,49,"CHINA, CUBA, EUROPEAN UNION, G77, INDIA, NIGERIA, POLAND"
1997,50,"ICELAND, UNITED STATES OF AMERICA (USA)"
1997,51,"CANADA, CHINA, EUROPEAN UNION, G77, UNITED STATES OF AMERICA (USA)"
1997,53,CANADA
1997,54,UNITED STATES OF AMERICA (USA)
1997,55,"CANADA, UNITED STATES OF AMERICA (USA)"
1997,57,"AUSTRALIA, CANADA, FRANCE, SWITZERLAND, UNITED STATES OF AMERICA (USA), ZIMBABWE"
1997,59,"EUROPEAN UNION, GERMANY, ITALIA, JAPAN, NORWAY, POLAND, SWITZERLAND, UNITED STATES OF AMERICA (USA)"
